GROUP,PACKAGE,CLASS,INSTRUCTION_MISSED,INSTRUCTION_COVERED,BRANCH_MISSED,BRANCH_COVERED,LINE_MISSED,LINE_COVERED,COMPLEXITY_MISSED,COMPLEXITY_COVERED,METHOD_MISSED,METHOD_COVERED
EmployeeDataService,com.employee.controller,EmployeeController,28,118,2,4,6,23,2,9,0,8
EmployeeDataService,com.employee.controller,AuthenticationController,14,37,0,0,4,10,0,3,0,3
EmployeeDataService,com.employee.exceptionhandler,ErrorResponse,17,0,0,0,7,0,5,0,5,0
EmployeeDataService,com.employee.exceptionhandler,EmployeeExceptionHandler,159,7,6,0,34,2,7,2,4,2
EmployeeDataService,com.employee.jwt,JwtUserDetailsService,18,3,2,0,3,1,2,1,1,1
EmployeeDataService,com.employee.jwt,JwtRequestFilter,57,38,8,2,14,12,5,2,0,2
EmployeeDataService,com.employee.jwt,JwtResponse,0,9,0,0,0,4,0,2,0,2
EmployeeDataService,com.employee.jwt,JwtAuthenticationEntryPoint,5,3,0,0,2,1,1,1,1,1
EmployeeDataService,com.employee.jwt,JwtTokenUtil,92,6,4,0,15,2,10,1,8,1
EmployeeDataService,com.employee,EmployeeDataServiceApplication,5,3,0,0,2,1,1,1,1,1
EmployeeDataService,com.employee.config,SwaggerConfiguration,0,41,0,0,0,8,0,3,0,3
EmployeeDataService,com.employee.config,WebSecurityConfig,0,79,0,0,0,14,0,5,0,5
EmployeeDataService,com.employee.service,EmployeeServiceImpl,0,86,0,0,0,15,0,8,0,8
EmployeeDataService,com.employee.customvalidator,IdValiadtor,2,8,1,1,1,3,1,2,0,2
EmployeeDataService,com.employee.exception,TokenExpired,7,0,0,0,4,0,2,0,2,0
EmployeeDataService,com.employee.exception,ResourceNotFound,3,4,0,0,2,2,1,1,1,1
EmployeeDataService,com.employee.dto,ManagerDto,3,0,0,0,1,0,1,0,1,0
EmployeeDataService,com.employee.dto,EmployeeDto,3,0,0,0,1,0,1,0,1,0
